{"generatedAt":1698325983621,"generateTime":275,"contents":[{"_path":"/services/best-essay-writing-service","_dir":"services","_draft":false,"_partial":false,"_locale":"","title":"Essay Writing Service","description":"Essay Writing Service - Your Path to Academic Excellence","subtitle":"Whether you're seeking the best essay writing service, need a professional essay writer, or simply want to explore the world of online essay writing, you're in the right place.","date":null,"cover":null,"tags":["Essay writing service free","Essay writing service for students","Best essay writing service","write my essay","Online essay writing service","custom essay writing service","essay writer","university essay writing services"],"body":{"type":"root","children":[{"type":"element","tag":"h1","props":{"id":"essay-writing-service-your-path-to-academic-excellence"},"children":[{"type":"text","value":"Essay Writing Service: Your Path to Academic Excellence"}]},{"type":"element","tag":"p","props":{},"children":[{"type":"text","value":"Welcome to the ultimate destination for essay writing services, designed to meet the unique needs of students like you. Our online essay writing service provides comprehensive solutions for all your academic challenges. Whether you're seeking the best essay writing service, need a professional essay writer, or simply want to explore the world of online essay writing, you're in the right place."}]},{"type":"element","tag":"h2","props":{"id":"why-choose-our-essay-writing-service"},"children":[{"type":"text","value":"Why Choose Our Essay Writing Service?"}]},{"type":"element","tag":"h3","props":{"id":"_1-best-essay-writing-service"},"children":[{"type":"text","value":"1. Best Essay Writing Service"}]},{"type":"element","tag":"p","props":{},"children":[{"type":"text","value":"Discover excellence in essay writing with our team of expert writers. We take pride in being one of the best in the business, delivering papers of impeccable quality that meet and exceed your academic standards."}]},{"type":"element","tag":"h3","props":{"id":"_2-write-my-essay-your-academic-lifesaver"},"children":[{"type":"text","value":"2. Write My Essay - Your Academic Lifesaver"}]},{"type":"element","tag":"p","props":{},"children":[{"type":"text","value":"Overwhelmed with a stack of assignments? Say goodbye to stress and worry. Our \"Write My Essay\" service offers a seamless solution to your academic challenges. Simply share your topic, and we'll craft a custom essay that aligns perfectly with your academic requirements."}]},{"type":"element","tag":"h3","props":{"id":"_3-convenience-at-your-fingertips"},"children":[{"type":"text","value":"3. Convenience at Your Fingertips"}]},{"type":"element","tag":"p","props":{},"children":[{"type":"text","value":"Our online essay writing service is accessible from anywhere at any time. We're here 24/7, ready to assist you with your academic needs, providing a level of convenience that complements your busy student life."}]},{"type":"element","tag":"h3","props":{"id":"_4-custom-essays-tailored-to-you"},"children":[{"type":"text","value":"4. Custom Essays Tailored to You"}]},{"type":"element","tag":"p","props":{},"children":[{"type":"text","value":"Every essay is unique, just like your academic journey. Our custom essay writing service ensures that your paper is tailored to your specifications. Your satisfaction is our priority, and we're dedicated to delivering essays that reflect your individual requirements."}]},{"type":"element","tag":"h3","props":{"id":"_5-meet-our-expert-essay-writers"},"children":[{"type":"text","value":"5. Meet Our Expert Essay Writers"}]},{"type":"element","tag":"p","props":{},"children":[{"type":"text","value":"When you choose us, you gain access to a team of skilled essay writers. They are more than just writers; they're experts in their fields who craft well-researched, thoughtful, and engaging essays that showcase their mastery of the subject matter."}]},{"type":"element","tag":"h3","props":{"id":"_6-university-level-expertise"},"children":[{"type":"text","value":"6. University-Level Expertise"}]},{"type":"element","tag":"p","props":{},"children":[{"type":"text","value":"University essays demand a higher level of expertise, and we're up to the task. Our university essay writing services are designed to help you excel in your academic pursuits. We can assist with various subjects and academic levels, tailoring our services to meet the specific requirements of your university."}]},{"type":"element","tag":"FreeFeature","props":{},"children":[]},{"type":"element","tag":"h2","props":{"id":"our-commitment-to-quality"},"children":[{"type":"text","value":"Our Commitment to Quality"}]},{"type":"element","tag":"p","props":{},"children":[{"type":"text","value":"At the core of our essay writing service is a relentless commitment to quality. We understand that your academic success is a reflection of the quality of work we deliver. When you choose us, you choose excellence. Our team of dedicated writers and editors are here to ensure that every paper that leaves our hands is of the highest standard."}]},{"type":"element","tag":"h2","props":{"id":"the-customization-advantage"},"children":[{"type":"text","value":"The Customization Advantage"}]},{"type":"element","tag":"p","props":{},"children":[{"type":"text","value":"We don't believe in one-size-fits-all solutions. We understand that each student is unique, and each essay is different. Our custom essay writing service gives you the advantage of tailoring your paper to your exact requirements. No two essays we deliver are the same, ensuring that your essay stands out in your academic journey."}]},{"type":"element","tag":"h2","props":{"id":"reliability-you-can-trust"},"children":[{"type":"text","value":"Reliability You Can Trust"}]},{"type":"element","tag":"p","props":{},"children":[{"type":"text","value":"When you're working with tight deadlines and complex assignments, reliability is crucial. Our essay writing service offers a level of reliability that you can trust. We're here to meet your deadlines and provide the support you need. We take our commitments seriously, making sure that your academic success is never compromised."}]},{"type":"element","tag":"h2","props":{"id":"privacy-and-confidentiality"},"children":[{"type":"text","value":"Privacy and Confidentiality"}]},{"type":"element","tag":"p","props":{},"children":[{"type":"text","value":"Your privacy is a priority, and we take it seriously. When you entrust us with your academic needs, you can rest assured that your personal information is safe and confidential. We adhere to strict privacy standards, ensuring that your data is never compromised."}]},{"type":"element","tag":"h2","props":{"id":"round-the-clock-support"},"children":[{"type":"text","value":"Round-the-Clock Support"}]},{"type":"element","tag":"p","props":{},"children":[{"type":"text","value":"We understand that academic challenges can arise at any time. That's why our customer support team is available 24/7 to assist you. Whether you have questions, need guidance, or require support with your essay, our friendly and responsive team is just a message away."}]},{"type":"element","tag":"h2","props":{"id":"explore-the-educational-value"},"children":[{"type":"text","value":"Explore the Educational Value"}]},{"type":"element","tag":"p","props":{},"children":[{"type":"text","value":"Our commitment to your academic success goes beyond essay writing. We provide a wealth of educational resources, essay writing tips, and guidelines to help you improve your writing skills. We believe in not just delivering essays but in empowering you to become a better writer and thinker. Explore our blog and educational materials to enhance your academic prowess."}]},{"type":"element","tag":"h2","props":{"id":"get-started-on-your-academic-journey"},"children":[{"type":"text","value":"Get Started on Your Academic Journey"}]},{"type":"element","tag":"p","props":{},"children":[{"type":"text","value":"Ready to experience the best essay writing service for students? Whether you need a custom essay, an essay writer, or university-level essay writing services, we've got you covered. Contact us today to get started on your academic journey. Your success begins here."}]},{"type":"element","tag":"h2","props":{"id":"final-thoughts"},"children":[{"type":"text","value":"Final Thoughts"}]},{"type":"element","tag":"p","props":{},"children":[{"type":"text","value":"Our essay writing service is more than just a service; it's a partner in your academic journey. We're here to support you, guide you, and help you excel in your studies. Your academic success is our success. Choose the best essay writing service today and experience the difference. With our dedication to quality, customization, reliability, privacy, and educational support, you'll embark on a path to academic excellence like never before."}]},{"type":"element","tag":"p","props":{},"children":[{"type":"text","value":"Don't hesitate to reach out to us, as we are here to assist you on every step of your academic journey. Your success begins with nursingessayonline.com."}]},{"type":"element","tag":"CTA","props":{"action":"Order Your Essay Now!","title":"Best Essay Writer Online"},"children":[{"type":"element","tag":"p","props":{},"children":[{"type":"text","value":"Don't hesitate to reach out to us, as we are here to assist you on every step of your academic journey. Your success begins with nursingessayonline.com"}]}]},{"type":"element","tag":"h1","props":{"id":"essay-writing-service-your-path-to-academic-excellence-1"},"children":[{"type":"text","value":"Essay Writing Service: Your Path to Academic Excellence"}]},{"type":"element","tag":"p","props":{},"children":[{"type":"text","value":"Welcome to the ultimate destination for essay writing services, designed to meet the unique needs of students like you. Our online essay writing service provides comprehensive solutions for all your academic challenges. Whether you're seeking the best essay writing service, need a professional essay writer, or simply want to explore the world of online essay writing, you're in the right place."}]},{"type":"element","tag":"h2","props":{"id":"why-choose-our-essay-writing-service-1"},"children":[{"type":"text","value":"Why Choose Our Essay Writing Service?"}]},{"type":"element","tag":"h3","props":{"id":"_1-best-essay-writing-service-1"},"children":[{"type":"text","value":"1. Best Essay Writing Service"}]},{"type":"element","tag":"p","props":{},"children":[{"type":"text","value":"Discover excellence in essay writing with our team of expert writers. We take pride in being one of the best in the business, delivering papers of impeccable quality that meet and exceed your academic standards."}]},{"type":"element","tag":"h3","props":{"id":"_2-write-my-essay-your-academic-lifesaver-1"},"children":[{"type":"text","value":"2. Write My Essay - Your Academic Lifesaver"}]},{"type":"element","tag":"p","props":{},"children":[{"type":"text","value":"Overwhelmed with a stack of assignments? Say goodbye to stress and worry. Our \"Write My Essay\" service offers a seamless solution to your academic challenges. Simply share your topic, and we'll craft a custom essay that aligns perfectly with your academic requirements."}]},{"type":"element","tag":"h3","props":{"id":"_3-convenience-at-your-fingertips-1"},"children":[{"type":"text","value":"3. Convenience at Your Fingertips"}]},{"type":"element","tag":"p","props":{},"children":[{"type":"text","value":"Our online essay writing service is accessible from anywhere at any time. We're here 24/7, ready to assist you with your academic needs, providing a level of convenience that complements your busy student life."}]},{"type":"element","tag":"h3","props":{"id":"_4-custom-essays-tailored-to-you-1"},"children":[{"type":"text","value":"4. Custom Essays Tailored to You"}]},{"type":"element","tag":"p","props":{},"children":[{"type":"text","value":"Every essay is unique, just like your academic journey. Our custom essay writing service ensures that your paper is tailored to your specifications. Your satisfaction is our priority, and we're dedicated to delivering essays that reflect your individual requirements."}]},{"type":"element","tag":"h3","props":{"id":"_5-meet-our-expert-essay-writers-1"},"children":[{"type":"text","value":"5. Meet Our Expert Essay Writers"}]},{"type":"element","tag":"p","props":{},"children":[{"type":"text","value":"When you choose us, you gain access to a team of skilled essay writers. They are more than just writers; they're experts in their fields who craft well-researched, thoughtful, and engaging essays that showcase their mastery of the subject matter."}]},{"type":"element","tag":"h3","props":{"id":"_6-university-level-expertise-1"},"children":[{"type":"text","value":"6. University-Level Expertise"}]},{"type":"element","tag":"p","props":{},"children":[{"type":"text","value":"University essays demand a higher level of expertise, and we're up to the task. Our university essay writing services are designed to help you excel in your academic pursuits. We can assist with various subjects and academic levels, tailoring our services to meet the specific requirements of your university."}]},{"type":"element","tag":"h2","props":{"id":"our-commitment-to-quality-1"},"children":[{"type":"text","value":"Our Commitment to Quality"}]},{"type":"element","tag":"p","props":{},"children":[{"type":"text","value":"At the core of our essay writing service is a relentless commitment to quality. We understand that your academic success is a reflection of the quality of work we deliver. When you choose us, you choose excellence. Our team of dedicated writers and editors are here to ensure that every paper that leaves our hands is of the highest standard."}]},{"type":"element","tag":"h2","props":{"id":"the-customization-advantage-1"},"children":[{"type":"text","value":"The Customization Advantage"}]},{"type":"element","tag":"p","props":{},"children":[{"type":"text","value":"We don't believe in one-size-fits-all solutions. We understand that each student is unique, and each essay is different. Our custom essay writing service gives you the advantage of tailoring your paper to your exact requirements. No two essays we deliver are the same, ensuring that your essay stands out in your academic journey."}]},{"type":"element","tag":"h2","props":{"id":"reliability-you-can-trust-1"},"children":[{"type":"text","value":"Reliability You Can Trust"}]},{"type":"element","tag":"p","props":{},"children":[{"type":"text","value":"When you're working with tight deadlines and complex assignments, reliability is crucial. Our essay writing service offers a level of reliability that you can trust. We're here to meet your deadlines and provide the support you need. We take our commitments seriously, making sure that your academic success is never compromised."}]},{"type":"element","tag":"h2","props":{"id":"privacy-and-confidentiality-1"},"children":[{"type":"text","value":"Privacy and Confidentiality"}]},{"type":"element","tag":"p","props":{},"children":[{"type":"text","value":"Your privacy is a priority, and we take it seriously. When you entrust us with your academic needs, you can rest assured that your personal information is safe and confidential. We adhere to strict privacy standards, ensuring that your data is never compromised."}]},{"type":"element","tag":"h2","props":{"id":"round-the-clock-support-1"},"children":[{"type":"text","value":"Round-the-Clock Support"}]},{"type":"element","tag":"p","props":{},"children":[{"type":"text","value":"We understand that academic challenges can arise at any time. That's why our customer support team is available 24/7 to assist you. Whether you have questions, need guidance, or require support with your essay, our friendly and responsive team is just a message away."}]},{"type":"element","tag":"h2","props":{"id":"additional-educational-resources"},"children":[{"type":"text","value":"Additional Educational Resources"}]},{"type":"element","tag":"p","props":{},"children":[{"type":"text","value":"In addition to our comprehensive essay writing services, we offer a treasure trove of educational resources and insights aimed at improving your academic writing skills. Here's a glimpse of what you can find in our blog and resource section:"}]},{"type":"element","tag":"ul","props":{},"children":[{"type":"element","tag":"li","props":{},"children":[{"type":"text","value":"Essay Writing Tips: Discover expert tips and strategies to enhance your essay writing skills. Learn how to structure your essays, craft compelling arguments, and refine your writing style."}]},{"type":"element","tag":"li","props":{},"children":[{"type":"text","value":"Citation Styles Guide: Master the art of proper citation with our in-depth guides on various citation styles, including APA, MLA, Chicago, and more. We'll ensure that your essays are not only well-written but also impeccably cited."}]},{"type":"element","tag":"li","props":{},"children":[{"type":"text","value":"Essay Examples: Explore a collection of sample essays written by our expert writers. These examples can serve as valuable models for your own essays, providing inspiration and guidance."}]}]},{"type":"element","tag":"h2","props":{"id":"get-started-on-your-academic-journey-1"},"children":[{"type":"text","value":"Get Started on Your Academic Journey"}]},{"type":"element","tag":"p","props":{},"children":[{"type":"text","value":"Ready to experience the best essay writing service for students? Whether you need a custom essay, an essay writer, or university-level essay writing services, we've got you covered. Contact us today to get started on your academic journey. Your success begins with nursingessayonline.com."}]},{"type":"element","tag":"h2","props":{"id":"contact-us"},"children":[{"type":"text","value":"Contact Us"}]},{"type":"element","tag":"p","props":{},"children":[{"type":"text","value":"Do you have questions, need assistance, or want to place an order? We're here for you. Contact our 24/7 customer support team:"}]},{"type":"element","tag":"p","props":{},"children":[{"type":"text","value":"Your academic success is our priority. Don't hesitate to reach out to us and experience the difference our essay writing service can make in your education. We look forward to being a part of your academic journey and helping you achieve your goals."}]},{"type":"element","tag":"h2","props":{"id":"final-words"},"children":[{"type":"text","value":"Final Words"}]},{"type":"element","tag":"p","props":{},"children":[{"type":"text","value":"Our essay writing service is designed to empower you, to support you, and to help you succeed in your academic pursuits. Your goals are our goals, and we are dedicated to helping you achieve them. Choose the best essay writing service today and elevate your academic performance to new heights. Your success begins with nursingessayonline.com."}]}],"toc":{"title":"","searchDepth":2,"depth":2,"links":[{"id":"why-choose-our-essay-writing-service","depth":2,"text":"Why Choose Our Essay Writing Service?","children":[{"id":"_1-best-essay-writing-service","depth":3,"text":"1. Best Essay Writing Service"},{"id":"_2-write-my-essay-your-academic-lifesaver","depth":3,"text":"2. Write My Essay - Your Academic Lifesaver"},{"id":"_3-convenience-at-your-fingertips","depth":3,"text":"3. Convenience at Your Fingertips"},{"id":"_4-custom-essays-tailored-to-you","depth":3,"text":"4. Custom Essays Tailored to You"},{"id":"_5-meet-our-expert-essay-writers","depth":3,"text":"5. Meet Our Expert Essay Writers"},{"id":"_6-university-level-expertise","depth":3,"text":"6. University-Level Expertise"}]},{"id":"our-commitment-to-quality","depth":2,"text":"Our Commitment to Quality"},{"id":"the-customization-advantage","depth":2,"text":"The Customization Advantage"},{"id":"reliability-you-can-trust","depth":2,"text":"Reliability You Can Trust"},{"id":"privacy-and-confidentiality","depth":2,"text":"Privacy and Confidentiality"},{"id":"round-the-clock-support","depth":2,"text":"Round-the-Clock Support"},{"id":"explore-the-educational-value","depth":2,"text":"Explore the Educational Value"},{"id":"get-started-on-your-academic-journey","depth":2,"text":"Get Started on Your Academic Journey"},{"id":"final-thoughts","depth":2,"text":"Final Thoughts"},{"id":"why-choose-our-essay-writing-service-1","depth":2,"text":"Why Choose Our Essay Writing Service?","children":[{"id":"_1-best-essay-writing-service-1","depth":3,"text":"1. Best Essay Writing Service"},{"id":"_2-write-my-essay-your-academic-lifesaver-1","depth":3,"text":"2. Write My Essay - Your Academic Lifesaver"},{"id":"_3-convenience-at-your-fingertips-1","depth":3,"text":"3. Convenience at Your Fingertips"},{"id":"_4-custom-essays-tailored-to-you-1","depth":3,"text":"4. Custom Essays Tailored to You"},{"id":"_5-meet-our-expert-essay-writers-1","depth":3,"text":"5. Meet Our Expert Essay Writers"},{"id":"_6-university-level-expertise-1","depth":3,"text":"6. University-Level Expertise"}]},{"id":"our-commitment-to-quality-1","depth":2,"text":"Our Commitment to Quality"},{"id":"the-customization-advantage-1","depth":2,"text":"The Customization Advantage"},{"id":"reliability-you-can-trust-1","depth":2,"text":"Reliability You Can Trust"},{"id":"privacy-and-confidentiality-1","depth":2,"text":"Privacy and Confidentiality"},{"id":"round-the-clock-support-1","depth":2,"text":"Round-the-Clock Support"},{"id":"additional-educational-resources","depth":2,"text":"Additional Educational Resources"},{"id":"get-started-on-your-academic-journey-1","depth":2,"text":"Get Started on Your Academic Journey"},{"id":"contact-us","depth":2,"text":"Contact Us"},{"id":"final-words","depth":2,"text":"Final Words"}]}},"_type":"markdown","_id":"content:services:best-essay-writing-service.md","_source":"content","_file":"services/best-essay-writing-service.md","_extension":"md"},{"_path":"/services/essay-assignments","_dir":"services","_draft":false,"_partial":false,"_locale":"","title":"Essay Assignments","description":"Essay Assignments - Your Path to Academic Excellence","subtitle":"Whether you're seeking the best essay writing service, need a professional essay writer, or simply want to explore the world of online essay writing, you're in the right place.","date":null,"cover":null,"tags":["Essay writing service free","Essay writing service for students","Best essay writing service","write my essay","Online essay writing service","custom essay writing service","essay writer","university essay writing services"],"body":{"type":"root","children":[{"type":"element","tag":"h1","props":{"id":"essay-assignments-your-path-to-academic-excellence"},"children":[{"type":"text","value":"Essay Assignments: Your Path to Academic Excellence"}]},{"type":"element","tag":"p","props":{},"children":[{"type":"text","value":"Welcome to the ultimate destination for essay writing services, designed to meet the unique needs of students like you. Our online essay writing service provides comprehensive solutions for all your academic challenges. Whether you're seeking the best essay writing service, need a professional essay writer, or simply want to explore the world of online essay writing, you're in the right place."}]},{"type":"element","tag":"CTA","props":{"action":"Order Your Essay Now!","title":"Best Essay Assignments"},"children":[{"type":"element","tag":"p","props":{},"children":[{"type":"text","value":"Don't hesitate to reach out to us, as we are here to assist you on every step of your academic journey. Your success begins with nursingessayonline.com"}]}]},{"type":"element","tag":"h2","props":{"id":"why-choose-our-essay-assignments"},"children":[{"type":"text","value":"Why Choose Our Essay Assignments?"}]},{"type":"element","tag":"h3","props":{"id":"_1-best-essay-assignments"},"children":[{"type":"text","value":"1. Best Essay Assignments"}]},{"type":"element","tag":"p","props":{},"children":[{"type":"text","value":"Discover excellence in essay writing with our team of expert writers. We take pride in being one of the best in the business, delivering papers of impeccable quality that meet and exceed your academic standards."}]},{"type":"element","tag":"h3","props":{"id":"_2-write-my-essay-your-academic-lifesaver"},"children":[{"type":"text","value":"2. Write My Essay - Your Academic Lifesaver"}]},{"type":"element","tag":"p","props":{},"children":[{"type":"text","value":"Overwhelmed with a stack of assignments? Say goodbye to stress and worry. Our \"Write My Essay\" service offers a seamless solution to your academic challenges. Simply share your topic, and we'll craft a custom essay that aligns perfectly with your academic requirements."}]},{"type":"element","tag":"FreeFeature","props":{},"children":[]},{"type":"element","tag":"h3","props":{"id":"_3-convenience-at-your-fingertips"},"children":[{"type":"text","value":"3. Convenience at Your Fingertips"}]},{"type":"element","tag":"p","props":{},"children":[{"type":"text","value":"Our online essay writing service is accessible from anywhere at any time. We're here 24/7, ready to assist you with your academic needs, providing a level of convenience that complements your busy student life."}]},{"type":"element","tag":"h3","props":{"id":"_4-custom-essays-tailored-to-you"},"children":[{"type":"text","value":"4. Custom Essays Tailored to You"}]},{"type":"element","tag":"p","props":{},"children":[{"type":"text","value":"Every essay is unique, just like your academic journey. Our custom essay writing service ensures that your paper is tailored to your specifications. Your satisfaction is our priority, and we're dedicated to delivering essays that reflect your individual requirements."}]},{"type":"element","tag":"h3","props":{"id":"_5-meet-our-expert-essay-writers"},"children":[{"type":"text","value":"5. Meet Our Expert Essay Writers"}]},{"type":"element","tag":"p","props":{},"children":[{"type":"text","value":"When you choose us, you gain access to a team of skilled essay writers. They are more than just writers; they're experts in their fields who craft well-researched, thoughtful, and engaging essays that showcase their mastery of the subject matter."}]},{"type":"element","tag":"h3","props":{"id":"_6-university-level-expertise"},"children":[{"type":"text","value":"6. University-Level Expertise"}]},{"type":"element","tag":"p","props":{},"children":[{"type":"text","value":"University essays demand a higher level of expertise, and we're up to the task. Our university essay writing services are designed to help you excel in your academic pursuits. We can assist with various subjects and academic levels, tailoring our services to meet the specific requirements of your university."}]}],"toc":{"title":"","searchDepth":2,"depth":2,"links":[{"id":"why-choose-our-essay-assignments","depth":2,"text":"Why Choose Our Essay Assignments?","children":[{"id":"_1-best-essay-assignments","depth":3,"text":"1. Best Essay Assignments"},{"id":"_2-write-my-essay-your-academic-lifesaver","depth":3,"text":"2. Write My Essay - Your Academic Lifesaver"},{"id":"_3-convenience-at-your-fingertips","depth":3,"text":"3. Convenience at Your Fingertips"},{"id":"_4-custom-essays-tailored-to-you","depth":3,"text":"4. Custom Essays Tailored to You"},{"id":"_5-meet-our-expert-essay-writers","depth":3,"text":"5. Meet Our Expert Essay Writers"},{"id":"_6-university-level-expertise","depth":3,"text":"6. University-Level Expertise"}]}]}},"_type":"markdown","_id":"content:services:essay-assignments.md","_source":"content","_file":"services/essay-assignments.md","_extension":"md"},{"_path":"/services/online-assignment-help","_dir":"services","_draft":false,"_partial":false,"_locale":"","title":"Online Assignment Help","description":"Online Assignment Help - Your Path to Academic Excellence","subtitle":"Whether you're seeking the best essay writing service, need a professional essay writer, or simply want to explore the world of online essay writing, you're in the right place.","date":null,"cover":null,"tags":["Essay writing service free","Essay writing service for students","Best essay writing service","write my essay","Online essay writing service","custom essay writing service","essay writer","university essay writing services"],"body":{"type":"root","children":[{"type":"element","tag":"h1","props":{"id":"online-assignment-help-your-path-to-academic-excellence"},"children":[{"type":"text","value":"Online Assignment Help: Your Path to Academic Excellence"}]},{"type":"element","tag":"p","props":{},"children":[{"type":"text","value":"Welcome to the ultimate destination for essay writing services, designed to meet the unique needs of students like you. Our online essay writing service provides comprehensive solutions for all your academic challenges. Whether you're seeking the best essay writing service, need a professional essay writer, or simply want to explore the world of online essay writing, you're in the right place."}]},{"type":"element","tag":"CTA","props":{"action":"Order Your Essay Now!","title":"Best Online Assignment Help"},"children":[{"type":"element","tag":"p","props":{},"children":[{"type":"text","value":"Don't hesitate to reach out to us, as we are here to assist you on every step of your academic journey. Your success begins with nursingessayonline.com"}]}]},{"type":"element","tag":"h2","props":{"id":"why-choose-our-online-assignment-help"},"children":[{"type":"text","value":"Why Choose Our Online Assignment Help?"}]},{"type":"element","tag":"h3","props":{"id":"_1-best-online-assignment-help"},"children":[{"type":"text","value":"1. Best Online Assignment Help"}]},{"type":"element","tag":"p","props":{},"children":[{"type":"text","value":"Discover excellence in essay writing with our team of expert writers. We take pride in being one of the best in the business, delivering papers of impeccable quality that meet and exceed your academic standards."}]},{"type":"element","tag":"h3","props":{"id":"_2-write-my-essay-your-academic-lifesaver"},"children":[{"type":"text","value":"2. Write My Essay - Your Academic Lifesaver"}]},{"type":"element","tag":"p","props":{},"children":[{"type":"text","value":"Overwhelmed with a stack of assignments? Say goodbye to stress and worry. Our \"Write My Essay\" service offers a seamless solution to your academic challenges. Simply share your topic, and we'll craft a custom essay that aligns perfectly with your academic requirements."}]},{"type":"element","tag":"FreeFeature","props":{},"children":[]},{"type":"element","tag":"h3","props":{"id":"_3-convenience-at-your-fingertips"},"children":[{"type":"text","value":"3. Convenience at Your Fingertips"}]},{"type":"element","tag":"p","props":{},"children":[{"type":"text","value":"Our online essay writing service is accessible from anywhere at any time. We're here 24/7, ready to assist you with your academic needs, providing a level of convenience that complements your busy student life."}]},{"type":"element","tag":"h3","props":{"id":"_4-custom-essays-tailored-to-you"},"children":[{"type":"text","value":"4. Custom Essays Tailored to You"}]},{"type":"element","tag":"p","props":{},"children":[{"type":"text","value":"Every essay is unique, just like your academic journey. Our custom essay writing service ensures that your paper is tailored to your specifications. Your satisfaction is our priority, and we're dedicated to delivering essays that reflect your individual requirements."}]},{"type":"element","tag":"h3","props":{"id":"_5-meet-our-expert-essay-writers"},"children":[{"type":"text","value":"5. Meet Our Expert Essay Writers"}]},{"type":"element","tag":"p","props":{},"children":[{"type":"text","value":"When you choose us, you gain access to a team of skilled essay writers. They are more than just writers; they're experts in their fields who craft well-researched, thoughtful, and engaging essays that showcase their mastery of the subject matter."}]},{"type":"element","tag":"h3","props":{"id":"_6-university-level-expertise"},"children":[{"type":"text","value":"6. University-Level Expertise"}]},{"type":"element","tag":"p","props":{},"children":[{"type":"text","value":"University essays demand a higher level of expertise, and we're up to the task. Our university essay writing services are designed to help you excel in your academic pursuits. We can assist with various subjects and academic levels, tailoring our services to meet the specific requirements of your university."}]}],"toc":{"title":"","searchDepth":2,"depth":2,"links":[{"id":"why-choose-our-online-assignment-help","depth":2,"text":"Why Choose Our Online Assignment Help?","children":[{"id":"_1-best-online-assignment-help","depth":3,"text":"1. Best Online Assignment Help"},{"id":"_2-write-my-essay-your-academic-lifesaver","depth":3,"text":"2. Write My Essay - Your Academic Lifesaver"},{"id":"_3-convenience-at-your-fingertips","depth":3,"text":"3. Convenience at Your Fingertips"},{"id":"_4-custom-essays-tailored-to-you","depth":3,"text":"4. Custom Essays Tailored to You"},{"id":"_5-meet-our-expert-essay-writers","depth":3,"text":"5. Meet Our Expert Essay Writers"},{"id":"_6-university-level-expertise","depth":3,"text":"6. University-Level Expertise"}]}]}},"_type":"markdown","_id":"content:services:online-assignment-help.md","_source":"content","_file":"services/online-assignment-help.md","_extension":"md"},{"_path":"/services/term-paper-writing-service","_dir":"services","_draft":false,"_partial":false,"_locale":"","title":"Term Paper Writing Service","description":"Term Paper Writing Service - Your Path to Academic Excellence","subtitle":"Whether you're seeking the best essay writing service, need a professional essay writer, or simply want to explore the world of online essay writing, you're in the right place.","date":null,"cover":null,"tags":["Essay writing service free","Essay writing service for students","Best essay writing service","write my essay","Online essay writing service","custom essay writing service","essay writer","university essay writing services"],"body":{"type":"root","children":[{"type":"element","tag":"h1","props":{"id":"term-paper-writing-service-your-path-to-academic-excellence"},"children":[{"type":"text","value":"Term Paper Writing Service: Your Path to Academic Excellence"}]},{"type":"element","tag":"p","props":{},"children":[{"type":"text","value":"Welcome to the ultimate destination for essay writing services, designed to meet the unique needs of students like you. Our online essay writing service provides comprehensive solutions for all your academic challenges. Whether you're seeking the best essay writing service, need a professional essay writer, or simply want to explore the world of online essay writing, you're in the right place."}]},{"type":"element","tag":"CTA","props":{"action":"Order Your Essay Now!","title":"Best Term Paper Writing Service"},"children":[{"type":"element","tag":"p","props":{},"children":[{"type":"text","value":"Don't hesitate to reach out to us, as we are here to assist you on every step of your academic journey. Your success begins with nursingessayonline.com"}]}]},{"type":"element","tag":"h2","props":{"id":"why-choose-our-term-paper-writing-service"},"children":[{"type":"text","value":"Why Choose Our Term Paper Writing Service?"}]},{"type":"element","tag":"h3","props":{"id":"_1-best-term-paper-writing-service"},"children":[{"type":"text","value":"1. Best Term Paper Writing Service"}]},{"type":"element","tag":"p","props":{},"children":[{"type":"text","value":"Discover excellence in essay writing with our team of expert writers. We take pride in being one of the best in the business, delivering papers of impeccable quality that meet and exceed your academic standards."}]},{"type":"element","tag":"h3","props":{"id":"_2-write-my-essay-your-academic-lifesaver"},"children":[{"type":"text","value":"2. Write My Essay - Your Academic Lifesaver"}]},{"type":"element","tag":"p","props":{},"children":[{"type":"text","value":"Overwhelmed with a stack of assignments? Say goodbye to stress and worry. Our \"Write My Essay\" service offers a seamless solution to your academic challenges. Simply share your topic, and we'll craft a custom essay that aligns perfectly with your academic requirements."}]},{"type":"element","tag":"FreeFeature","props":{},"children":[]},{"type":"element","tag":"h3","props":{"id":"_3-convenience-at-your-fingertips"},"children":[{"type":"text","value":"3. Convenience at Your Fingertips"}]},{"type":"element","tag":"p","props":{},"children":[{"type":"text","value":"Our online essay writing service is accessible from anywhere at any time. We're here 24/7, ready to assist you with your academic needs, providing a level of convenience that complements your busy student life."}]},{"type":"element","tag":"h3","props":{"id":"_4-custom-essays-tailored-to-you"},"children":[{"type":"text","value":"4. Custom Essays Tailored to You"}]},{"type":"element","tag":"p","props":{},"children":[{"type":"text","value":"Every essay is unique, just like your academic journey. Our custom essay writing service ensures that your paper is tailored to your specifications. Your satisfaction is our priority, and we're dedicated to delivering essays that reflect your individual requirements."}]},{"type":"element","tag":"h3","props":{"id":"_5-meet-our-expert-essay-writers"},"children":[{"type":"text","value":"5. Meet Our Expert Essay Writers"}]},{"type":"element","tag":"p","props":{},"children":[{"type":"text","value":"When you choose us, you gain access to a team of skilled essay writers. They are more than just writers; they're experts in their fields who craft well-researched, thoughtful, and engaging essays that showcase their mastery of the subject matter."}]},{"type":"element","tag":"h3","props":{"id":"_6-university-level-expertise"},"children":[{"type":"text","value":"6. University-Level Expertise"}]},{"type":"element","tag":"p","props":{},"children":[{"type":"text","value":"University essays demand a higher level of expertise, and we're up to the task. Our university essay writing services are designed to help you excel in your academic pursuits. We can assist with various subjects and academic levels, tailoring our services to meet the specific requirements of your university."}]}],"toc":{"title":"","searchDepth":2,"depth":2,"links":[{"id":"why-choose-our-term-paper-writing-service","depth":2,"text":"Why Choose Our Term Paper Writing Service?","children":[{"id":"_1-best-term-paper-writing-service","depth":3,"text":"1. Best Term Paper Writing Service"},{"id":"_2-write-my-essay-your-academic-lifesaver","depth":3,"text":"2. Write My Essay - Your Academic Lifesaver"},{"id":"_3-convenience-at-your-fingertips","depth":3,"text":"3. Convenience at Your Fingertips"},{"id":"_4-custom-essays-tailored-to-you","depth":3,"text":"4. Custom Essays Tailored to You"},{"id":"_5-meet-our-expert-essay-writers","depth":3,"text":"5. Meet Our Expert Essay Writers"},{"id":"_6-university-level-expertise","depth":3,"text":"6. University-Level Expertise"}]}]}},"_type":"markdown","_id":"content:services:term-paper-writing-service.md","_source":"content","_file":"services/term-paper-writing-service.md","_extension":"md"}],"navigation":[{"title":"Services","_path":"/services","children":[{"title":"Essay Writing Service","_path":"/services/best-essay-writing-service"},{"title":"Essay Assignments","_path":"/services/essay-assignments"},{"title":"Online Assignment Help","_path":"/services/online-assignment-help"},{"title":"Term Paper Writing Service","_path":"/services/term-paper-writing-service"}]}]}